{ "ram_avg" : 34.184435, "idle_avg" : 19.351800, "io_avg" : 0.330000 }