{ "ram_avg" : 2.509508, "idle_avg" : 1.154000 }