{ "ram_avg" : 42.720985, "idle_avg" : 15.520000, "io_avg" : 0.330000 }