{ "ram_avg" : 15.380018, "idle_avg" : 10.030000, "io_avg" : 0.600000 } } }