{ "ram_avg" : 16.656409, "idle_avg" : 9.250000, "io_avg" : 0.550000 } } } } }