{ "ram_avg" : 36.719627, "idle_avg" : 15.860000, "io_avg" : 0.400000 }