{ "ram_avg" : 37.511356, "idle_avg" : 21.780000, "io_avg" : 0.290000 }